TITLE_ID,country,platform,predicted_june_streams,input_month,target_month
tt10855768,Argentina,Netflix,13.32,2026-05-01,2026-06-01
tt10855768,Brazil,Netflix,51.82,2026-05-01,2026-06-01
tt10855768,Colombia,Netflix,19.18,2026-05-01,2026-06-01
tt10855768,Mexico,Netflix,44.53,2026-05-01,2026-06-01
tt11210390,Argentina,Netflix,15.99,2026-05-01,2026-06-01
tt11210390,Brazil,Netflix,22.30,2026-05-01,2026-06-01
tt11210390,Colombia,Netflix,8.54,2026-05-01,2026-06-01
tt11210390,Mexico,Netflix,28.15,2026-05-01,2026-06-01
tt11214558,Brazil,Amazon,36.81,2026-05-01,2026-06-01
tt11214558,Colombia,Amazon,21.64,2026-05-01,2026-06-01
tt11214558,Mexico,Amazon,29.64,2026-05-01,2026-06-01
tt11274492,Argentina,Netflix,16.19,2026-05-01,2026-06-01
tt11274492,Brazil,Netflix,33.40,2026-05-01,2026-06-01
tt11274492,Colombia,Netflix,11.68,2026-05-01,2026-06-01
tt11274492,Mexico,Netflix,26.32,2026-05-01,2026-06-01
tt11426232,Brazil,Amazon,49.82,2026-05-01,2026-06-01
tt12042730,Brazil,Amazon,32.75,2026-05-01,2026-06-01
tt12042730,Mexico,Amazon,25.23,2026-05-01,2026-06-01
tt12747748,Brazil,Netflix,81.99,2026-05-01,2026-06-01
tt12747748,Colombia,Netflix,28.00,2026-05-01,2026-06-01
tt12747748,Mexico,Netflix,24.77,2026-05-01,2026-06-01
tt12823454,Argentina,Netflix,35.19,2026-05-01,2026-06-01
tt12823454,Brazil,Netflix,41.86,2026-05-01,2026-06-01
tt12823454,Colombia,Netflix,36.81,2026-05-01,2026-06-01
tt12823454,Mexico,Netflix,23.10,2026-05-01,2026-06-01
tt12908150,Argentina,Amazon,76.63,2026-05-01,2026-06-01
tt12908150,Brazil,Amazon,276.79,2026-05-01,2026-06-01
tt12908150,Colombia,Amazon,88.37,2026-05-01,2026-06-01
tt12908150,Mexico,Amazon,260.42,2026-05-01,2026-06-01
tt12921446,Argentina,Netflix,26.77,2026-05-01,2026-06-01
tt12921446,Colombia,Netflix,32.12,2026-05-01,2026-06-01
tt12921446,Mexico,Netflix,21.39,2026-05-01,2026-06-01
tt13097932,Argentina,Amazon,14.16,2026-05-01,2026-06-01
tt13097932,Colombia,Amazon,9.84,2026-05-01,2026-06-01
tt13186604,Argentina,Netflix,18.16,2026-05-01,2026-06-01
tt13186604,Brazil,Netflix,30.86,2026-05-01,2026-06-01
tt13186604,Colombia,Netflix,20.77,2026-05-01,2026-06-01
tt13186604,Mexico,Netflix,32.89,2026-05-01,2026-06-01
tt13238346,Argentina,Netflix,13.40,2026-05-01,2026-06-01
tt13238346,Brazil,Netflix,55.05,2026-05-01,2026-06-01
tt13238346,Colombia,Netflix,13.52,2026-05-01,2026-06-01
tt13603966,Argentina,Netflix,27.24,2026-05-01,2026-06-01
tt13603966,Brazil,Netflix,32.32,2026-05-01,2026-06-01
tt13603966,Colombia,Netflix,27.09,2026-05-01,2026-06-01
tt13603966,Mexico,Netflix,56.93,2026-05-01,2026-06-01
tt13929998,Argentina,Amazon,10.77,2026-05-01,2026-06-01
tt13929998,Colombia,Amazon,25.00,2026-05-01,2026-06-01
tt13929998,Mexico,Amazon,12.40,2026-05-01,2026-06-01
tt14230458,Brazil,Amazon,34.83,2026-05-01,2026-06-01
tt14230458,Brazil,Disney+,34.24,2026-05-01,2026-06-01
tt14230458,Colombia,Disney+,17.39,2026-05-01,2026-06-01
tt14539318,Colombia,HBO Max,11.65,2026-05-01,2026-06-01
tt14539318,Mexico,HBO Max,15.61,2026-05-01,2026-06-01
tt14873054,Argentina,Amazon,19.63,2026-05-01,2026-06-01
tt14873054,Colombia,Amazon,10.53,2026-05-01,2026-06-01
tt14873054,Mexico,Amazon,27.54,2026-05-01,2026-06-01
tt14914430,Colombia,Netflix,6.44,2026-05-01,2026-06-01
tt14914430,Mexico,Netflix,20.29,2026-05-01,2026-06-01
tt15257160,Argentina,Netflix,24.70,2026-05-01,2026-06-01
tt15257160,Brazil,Netflix,19.71,2026-05-01,2026-06-01
tt15257160,Colombia,Netflix,22.95,2026-05-01,2026-06-01
tt15257160,Mexico,Netflix,29.15,2026-05-01,2026-06-01
tt15685360,Argentina,HBO Max,12.48,2026-05-01,2026-06-01
tt15685360,Brazil,HBO Max,24.63,2026-05-01,2026-06-01
tt17067574,Argentina,Netflix,13.98,2026-05-01,2026-06-01
tt17067574,Brazil,Netflix,23.54,2026-05-01,2026-06-01
tt17067574,Colombia,Netflix,9.92,2026-05-01,2026-06-01
tt18260564,Argentina,Netflix,13.55,2026-05-01,2026-06-01
tt18260564,Brazil,Netflix,23.69,2026-05-01,2026-06-01
tt18260564,Colombia,Netflix,9.41,2026-05-01,2026-06-01
tt18260564,Mexico,Netflix,18.70,2026-05-01,2026-06-01
tt18274520,Colombia,Amazon,23.07,2026-05-01,2026-06-01
tt18392014,Argentina,Amazon,29.91,2026-05-01,2026-06-01
tt18392014,Brazil,Amazon,140.53,2026-05-01,2026-06-01
tt18392014,Colombia,Amazon,44.13,2026-05-01,2026-06-01
tt18392014,Mexico,Amazon,81.72,2026-05-01,2026-06-01
tt18394190,Argentina,Netflix,19.02,2026-05-01,2026-06-01
tt18394190,Brazil,Netflix,21.69,2026-05-01,2026-06-01
tt18394190,Colombia,Netflix,10.86,2026-05-01,2026-06-01
tt18394190,Mexico,Netflix,22.94,2026-05-01,2026-06-01
tt19121700,Argentina,Netflix,16.10,2026-05-01,2026-06-01
tt19121700,Brazil,Netflix,18.16,2026-05-01,2026-06-01
tt19121700,Colombia,Netflix,11.20,2026-05-01,2026-06-01
tt19121700,Mexico,Netflix,12.65,2026-05-01,2026-06-01
tt20048582,Argentina,Amazon,21.83,2026-05-01,2026-06-01
tt20048582,Brazil,Amazon,29.66,2026-05-01,2026-06-01
tt20048582,Colombia,Amazon,18.65,2026-05-01,2026-06-01
tt20048582,Mexico,Amazon,29.76,2026-05-01,2026-06-01
tt20672534,Argentina,Netflix,15.62,2026-05-01,2026-06-01
tt20672534,Brazil,Netflix,39.05,2026-05-01,2026-06-01
tt20672534,Colombia,Netflix,8.57,2026-05-01,2026-06-01
tt20672534,Mexico,Netflix,27.24,2026-05-01,2026-06-01
tt21051906,Argentina,Netflix,27.04,2026-05-01,2026-06-01
tt21051906,Brazil,Netflix,27.01,2026-05-01,2026-06-01
tt21051906,Colombia,Netflix,17.63,2026-05-01,2026-06-01
tt21051906,Mexico,Netflix,36.36,2026-05-01,2026-06-01
tt21187592,Argentina,Amazon,31.34,2026-05-01,2026-06-01
tt21187592,Brazil,Amazon,45.28,2026-05-01,2026-06-01
tt21187592,Colombia,Amazon,21.96,2026-05-01,2026-06-01
tt21187592,Mexico,Amazon,30.59,2026-05-01,2026-06-01
tt21245882,Brazil,Netflix,48.18,2026-05-01,2026-06-01
tt21245882,Colombia,Netflix,15.39,2026-05-01,2026-06-01
tt21245882,Mexico,Netflix,24.30,2026-05-01,2026-06-01
tt21905744,Colombia,HBO Max,7.36,2026-05-01,2026-06-01
tt21909764,Argentina,Amazon,30.53,2026-05-01,2026-06-01
tt21909764,Brazil,Amazon,115.19,2026-05-01,2026-06-01
tt21909764,Colombia,Amazon,90.74,2026-05-01,2026-06-01
tt21909764,Mexico,Amazon,105.54,2026-05-01,2026-06-01
tt21940010,Colombia,Amazon,22.19,2026-05-01,2026-06-01
tt21940010,Mexico,Amazon,24.35,2026-05-01,2026-06-01
tt21957774,Brazil,Netflix,23.36,2026-05-01,2026-06-01
tt21957774,Colombia,Netflix,8.14,2026-05-01,2026-06-01
tt21957774,Mexico,Netflix,27.23,2026-05-01,2026-06-01
tt22740896,Argentina,Netflix,66.90,2026-05-01,2026-06-01
tt22740896,Brazil,Netflix,154.07,2026-05-01,2026-06-01
tt22740896,Colombia,Netflix,43.59,2026-05-01,2026-06-01
tt22740896,Mexico,Netflix,144.88,2026-05-01,2026-06-01
tt22898462,Argentina,HBO Max,18.16,2026-05-01,2026-06-01
tt22898462,Brazil,HBO Max,29.95,2026-05-01,2026-06-01
tt22898462,Colombia,HBO Max,22.58,2026-05-01,2026-06-01
tt22898462,Mexico,HBO Max,31.21,2026-05-01,2026-06-01
tt23476986,Argentina,Amazon,24.12,2026-05-01,2026-06-01
tt23476986,Brazil,Amazon,49.69,2026-05-01,2026-06-01
tt23476986,Colombia,Amazon,9.95,2026-05-01,2026-06-01
tt24079806,Brazil,Netflix,29.42,2026-05-01,2026-06-01
tt24079806,Colombia,Netflix,12.05,2026-05-01,2026-06-01
tt24458622,Argentina,Netflix,25.06,2026-05-01,2026-06-01
tt24458622,Brazil,Netflix,31.77,2026-05-01,2026-06-01
tt24458622,Colombia,Netflix,33.05,2026-05-01,2026-06-01
tt24458622,Mexico,Netflix,11.80,2026-05-01,2026-06-01
tt2560078,Argentina,Disney+,13.43,2026-05-01,2026-06-01
tt2560078,Colombia,Disney+,7.33,2026-05-01,2026-06-01
tt26350277,Argentina,Netflix,18.37,2026-05-01,2026-06-01
tt26350277,Brazil,Netflix,47.09,2026-05-01,2026-06-01
tt26350277,Colombia,Netflix,8.37,2026-05-01,2026-06-01
tt26350277,Mexico,Netflix,25.55,2026-05-01,2026-06-01
tt26581740,Argentina,HBO Max,24.06,2026-05-01,2026-06-01
tt26581740,Brazil,HBO Max,93.60,2026-05-01,2026-06-01
tt26581740,Colombia,Amazon,23.33,2026-05-01,2026-06-01
tt26581740,Colombia,HBO Max,24.85,2026-05-01,2026-06-01
tt26581740,Mexico,Amazon,29.16,2026-05-01,2026-06-01
tt26581740,Mexico,HBO Max,171.50,2026-05-01,2026-06-01
tt26595906,Argentina,Netflix,25.00,2026-05-01,2026-06-01
tt26595906,Brazil,Netflix,104.46,2026-05-01,2026-06-01
tt26595906,Colombia,Netflix,36.31,2026-05-01,2026-06-01
tt26595906,Mexico,Netflix,117.20,2026-05-01,2026-06-01
tt26596953,Argentina,Netflix,23.24,2026-05-01,2026-06-01
tt26596953,Brazil,Netflix,75.04,2026-05-01,2026-06-01
tt26596953,Colombia,Netflix,17.13,2026-05-01,2026-06-01
tt26596953,Mexico,Netflix,26.32,2026-05-01,2026-06-01
tt27534307,Argentina,HBO Max,13.87,2026-05-01,2026-06-01
tt27534307,Colombia,HBO Max,4.62,2026-05-01,2026-06-01
tt27534307,Mexico,Amazon,27.60,2026-05-01,2026-06-01
tt27534307,Mexico,HBO Max,30.59,2026-05-01,2026-06-01
tt27604215,Argentina,Netflix,61.80,2026-05-01,2026-06-01
tt27604215,Brazil,Netflix,195.52,2026-05-01,2026-06-01
tt27604215,Colombia,Netflix,50.93,2026-05-01,2026-06-01
tt27604215,Mexico,Netflix,61.37,2026-05-01,2026-06-01
tt27714278,Argentina,Amazon,15.33,2026-05-01,2026-06-01
tt27714278,Brazil,Amazon,44.78,2026-05-01,2026-06-01
tt27714278,Colombia,Amazon,11.36,2026-05-01,2026-06-01
tt27714278,Mexico,Amazon,31.73,2026-05-01,2026-06-01
tt28066777,Argentina,Netflix,20.12,2026-05-01,2026-06-01
tt28066777,Brazil,Netflix,78.78,2026-05-01,2026-06-01
tt28066777,Colombia,Netflix,12.30,2026-05-01,2026-06-01
tt28066777,Mexico,Netflix,32.55,2026-05-01,2026-06-01
tt28443655,Brazil,Amazon,26.01,2026-05-01,2026-06-01
tt28443655,Colombia,HBO Max,22.44,2026-05-01,2026-06-01
tt28607951,Argentina,HBO Max,13.69,2026-05-01,2026-06-01
tt28607951,Brazil,Amazon,32.28,2026-05-01,2026-06-01
tt28607951,Colombia,HBO Max,6.60,2026-05-01,2026-06-01
tt28607951,Mexico,HBO Max,16.30,2026-05-01,2026-06-01
tt28657882,Brazil,Netflix,22.32,2026-05-01,2026-06-01
tt28657882,Colombia,Netflix,10.74,2026-05-01,2026-06-01
tt28657882,Mexico,Netflix,30.60,2026-05-01,2026-06-01
tt28996126,Brazil,Amazon,63.76,2026-05-01,2026-06-01
tt29232158,Argentina,Netflix,18.09,2026-05-01,2026-06-01
tt29232158,Brazil,Netflix,33.24,2026-05-01,2026-06-01
tt29232158,Colombia,Netflix,11.75,2026-05-01,2026-06-01
tt29232158,Mexico,Netflix,46.33,2026-05-01,2026-06-01
tt29623480,Argentina,HBO Max,16.18,2026-05-01,2026-06-01
tt29623480,Colombia,HBO Max,24.82,2026-05-01,2026-06-01
tt29623480,Mexico,HBO Max,144.11,2026-05-01,2026-06-01
tt29768334,Argentina,Netflix,16.86,2026-05-01,2026-06-01
tt29768334,Brazil,Netflix,68.47,2026-05-01,2026-06-01
tt29768334,Colombia,Netflix,7.56,2026-05-01,2026-06-01
tt29768334,Mexico,Netflix,23.66,2026-05-01,2026-06-01
tt30788842,Colombia,Amazon,11.57,2026-05-01,2026-06-01
tt30788842,Colombia,HBO Max,10.47,2026-05-01,2026-06-01
tt30788842,Mexico,HBO Max,87.49,2026-05-01,2026-06-01
tt30840798,Argentina,HBO Max,13.97,2026-05-01,2026-06-01
tt30840798,Brazil,Amazon,29.14,2026-05-01,2026-06-01
tt30840798,Colombia,Amazon,9.76,2026-05-01,2026-06-01
tt30840798,Colombia,HBO Max,7.90,2026-05-01,2026-06-01
tt31116965,Argentina,Netflix,142.15,2026-05-01,2026-06-01
tt31116965,Brazil,Netflix,181.57,2026-05-01,2026-06-01
tt31116965,Colombia,Netflix,152.90,2026-05-01,2026-06-01
tt31116965,Mexico,Netflix,241.59,2026-05-01,2026-06-01
tt31121295,Argentina,Amazon,17.90,2026-05-01,2026-06-01
tt31121295,Colombia,Amazon,13.53,2026-05-01,2026-06-01
tt31434639,Argentina,Amazon,16.40,2026-05-01,2026-06-01
tt31434639,Brazil,Amazon,40.24,2026-05-01,2026-06-01
tt31434639,Colombia,Amazon,17.82,2026-05-01,2026-06-01
tt31434639,Mexico,Amazon,53.16,2026-05-01,2026-06-01
tt31487553,Mexico,Netflix,31.73,2026-05-01,2026-06-01
tt31923069,Brazil,Disney+,89.72,2026-05-01,2026-06-01
tt31923069,Colombia,Disney+,25.39,2026-05-01,2026-06-01
tt31923069,Mexico,Disney+,30.11,2026-05-01,2026-06-01
tt32138523,Colombia,Netflix,9.14,2026-05-01,2026-06-01
tt32221196,Brazil,HBO Max,21.62,2026-05-01,2026-06-01
tt32221196,Colombia,HBO Max,5.24,2026-05-01,2026-06-01
tt32221196,Mexico,HBO Max,29.03,2026-05-01,2026-06-01
tt32237537,Argentina,Netflix,11.87,2026-05-01,2026-06-01
tt32237537,Colombia,Netflix,20.17,2026-05-01,2026-06-01
tt32237537,Mexico,Netflix,23.93,2026-05-01,2026-06-01
tt32244931,Argentina,Netflix,10.16,2026-05-01,2026-06-01
tt32244931,Colombia,Netflix,6.82,2026-05-01,2026-06-01
tt32244931,Mexico,Netflix,14.93,2026-05-01,2026-06-01
tt32276312,Brazil,Netflix,42.99,2026-05-01,2026-06-01
tt32430579,Argentina,Amazon,110.34,2026-05-01,2026-06-01
tt32430579,Brazil,Amazon,767.66,2026-05-01,2026-06-01
tt32430579,Colombia,Amazon,138.83,2026-05-01,2026-06-01
tt32430579,Mexico,Amazon,187.26,2026-05-01,2026-06-01
tt32606470,Argentina,Netflix,31.79,2026-05-01,2026-06-01
tt32606470,Brazil,Netflix,75.48,2026-05-01,2026-06-01
tt32606470,Colombia,Netflix,45.04,2026-05-01,2026-06-01
tt32606470,Mexico,Netflix,68.79,2026-05-01,2026-06-01
tt32743167,Mexico,Disney+,19.13,2026-05-01,2026-06-01
tt32897959,Argentina,HBO Max,217.90,2026-05-01,2026-06-01
tt32897959,Brazil,Amazon,30.66,2026-05-01,2026-06-01
tt32897959,Brazil,HBO Max,811.77,2026-05-01,2026-06-01
tt32897959,Colombia,Amazon,30.48,2026-05-01,2026-06-01
tt32897959,Colombia,HBO Max,243.83,2026-05-01,2026-06-01
tt32897959,Mexico,HBO Max,723.05,2026-05-01,2026-06-01
tt33014583,Brazil,Netflix,36.18,2026-05-01,2026-06-01
tt33014583,Colombia,Netflix,8.66,2026-05-01,2026-06-01
tt33014583,Mexico,Netflix,22.37,2026-05-01,2026-06-01
tt33549683,Argentina,Netflix,23.22,2026-05-01,2026-06-01
tt33549683,Brazil,Netflix,65.80,2026-05-01,2026-06-01
tt33549683,Colombia,Netflix,30.95,2026-05-01,2026-06-01
tt33549683,Mexico,Netflix,76.03,2026-05-01,2026-06-01
tt34433451,Brazil,Netflix,26.16,2026-05-01,2026-06-01
tt34433451,Mexico,Netflix,21.61,2026-05-01,2026-06-01
tt34682220,Argentina,Netflix,69.99,2026-05-01,2026-06-01
tt34682220,Brazil,Netflix,37.58,2026-05-01,2026-06-01
tt34896285,Argentina,Netflix,14.35,2026-05-01,2026-06-01
tt34896285,Colombia,Netflix,8.73,2026-05-01,2026-06-01
tt34906817,Argentina,Amazon,66.19,2026-05-01,2026-06-01
tt34906817,Brazil,Amazon,189.20,2026-05-01,2026-06-01
tt34906817,Colombia,Amazon,81.62,2026-05-01,2026-06-01
tt34906817,Mexico,Amazon,119.91,2026-05-01,2026-06-01
tt35301431,Argentina,Netflix,21.54,2026-05-01,2026-06-01
tt35301431,Brazil,Netflix,38.41,2026-05-01,2026-06-01
tt35301431,Mexico,Netflix,16.66,2026-05-01,2026-06-01
tt35628886,Brazil,Netflix,31.99,2026-05-01,2026-06-01
tt35628886,Mexico,Netflix,16.46,2026-05-01,2026-06-01
tt35630700,Brazil,Netflix,28.59,2026-05-01,2026-06-01
tt35630700,Colombia,Netflix,9.37,2026-05-01,2026-06-01
tt35630700,Mexico,Netflix,20.33,2026-05-01,2026-06-01
tt36331860,Argentina,Amazon,23.18,2026-05-01,2026-06-01
tt36331860,Brazil,Amazon,138.28,2026-05-01,2026-06-01
tt36331860,Colombia,Amazon,39.25,2026-05-01,2026-06-01
tt36331860,Mexico,Amazon,98.19,2026-05-01,2026-06-01
tt36351149,Mexico,Netflix,17.00,2026-05-01,2026-06-01
tt38095263,Argentina,Netflix,26.83,2026-05-01,2026-06-01
tt38095263,Brazil,Netflix,34.02,2026-05-01,2026-06-01
tt38095263,Colombia,Netflix,8.16,2026-05-01,2026-06-01
tt38095263,Mexico,Netflix,28.73,2026-05-01,2026-06-01
tt38589464,Argentina,Netflix,32.11,2026-05-01,2026-06-01
tt38589464,Brazil,Netflix,101.22,2026-05-01,2026-06-01
tt38589464,Colombia,Netflix,35.41,2026-05-01,2026-06-01
tt38589464,Mexico,Netflix,39.68,2026-05-01,2026-06-01
tt38872297,Argentina,Netflix,19.28,2026-05-01,2026-06-01
tt38872297,Brazil,Netflix,35.94,2026-05-01,2026-06-01
tt38872297,Colombia,Netflix,7.85,2026-05-01,2026-06-01
tt38872297,Mexico,Netflix,32.30,2026-05-01,2026-06-01
tt39049795,Argentina,Netflix,19.81,2026-05-01,2026-06-01
tt39049795,Brazil,Netflix,65.31,2026-05-01,2026-06-01
tt39049795,Colombia,Netflix,25.36,2026-05-01,2026-06-01
tt39049795,Mexico,Netflix,17.13,2026-05-01,2026-06-01
tt39139925,Argentina,Netflix,20.03,2026-05-01,2026-06-01
tt39139925,Brazil,Netflix,38.20,2026-05-01,2026-06-01
tt39139925,Colombia,Netflix,10.24,2026-05-01,2026-06-01
tt39139925,Mexico,Netflix,37.44,2026-05-01,2026-06-01
tt39162904,Argentina,Netflix,16.39,2026-05-01,2026-06-01
tt39162904,Brazil,Netflix,31.67,2026-05-01,2026-06-01
tt39162904,Mexico,Netflix,25.38,2026-05-01,2026-06-01
tt40792117,Argentina,Netflix,198.21,2026-05-01,2026-06-01
tt40792117,Brazil,Netflix,229.45,2026-05-01,2026-06-01
tt40792117,Colombia,Netflix,174.33,2026-05-01,2026-06-01
tt40792117,Mexico,Netflix,866.52,2026-05-01,2026-06-01
tt4196566,Argentina,Netflix,27.05,2026-05-01,2026-06-01
tt4196566,Brazil,Netflix,29.30,2026-05-01,2026-06-01
tt4196566,Colombia,Netflix,6.82,2026-05-01,2026-06-01
tt4196566,Mexico,Netflix,28.61,2026-05-01,2026-06-01
tt4978342,Argentina,Netflix,34.40,2026-05-01,2026-06-01
tt4978342,Brazil,Netflix,85.09,2026-05-01,2026-06-01
tt4978342,Colombia,Netflix,43.64,2026-05-01,2026-06-01
tt4978342,Mexico,Netflix,44.99,2026-05-01,2026-06-01
tt4996328,Argentina,Amazon,24.17,2026-05-01,2026-06-01
tt4996328,Brazil,Amazon,35.25,2026-05-01,2026-06-01
tt4996328,Colombia,Amazon,6.61,2026-05-01,2026-06-01
tt4996328,Mexico,Amazon,31.65,2026-05-01,2026-06-01
tt5198890,Argentina,Netflix,37.76,2026-05-01,2026-06-01
tt5198890,Colombia,HBO Max,5.95,2026-05-01,2026-06-01
tt5198890,Colombia,Netflix,8.26,2026-05-01,2026-06-01
tt5198890,Mexico,Netflix,17.33,2026-05-01,2026-06-01
tt6436620,Colombia,Disney+,12.58,2026-05-01,2026-06-01
tt7038762,Brazil,Netflix,30.86,2026-05-01,2026-06-01
tt9044418,Argentina,Amazon,13.90,2026-05-01,2026-06-01
tt9044418,Brazil,Amazon,44.38,2026-05-01,2026-06-01
tt9603208,Argentina,Netflix,74.67,2026-05-01,2026-06-01
tt9603208,Brazil,Netflix,229.21,2026-05-01,2026-06-01
tt9603208,Colombia,Netflix,83.61,2026-05-01,2026-06-01
tt9603208,Mexico,Netflix,86.23,2026-05-01,2026-06-01
tt9619824,Argentina,HBO Max,29.70,2026-05-01,2026-06-01
tt9619824,Brazil,Amazon,30.52,2026-05-01,2026-06-01
tt9619824,Brazil,HBO Max,31.19,2026-05-01,2026-06-01
tt9619824,Colombia,HBO Max,22.46,2026-05-01,2026-06-01
tt9619824,Mexico,Amazon,28.39,2026-05-01,2026-06-01
tt9619824,Mexico,HBO Max,138.86,2026-05-01,2026-06-01
